model,accuracy,precision,recall,f1,roc_auc
Logistic Regression,0.8,0.5714285714285714,0.8,0.6666666666666666,0.9155555555555556
Random Forest,0.8333333333333334,0.631578947368421,0.8,0.7058823529411765,0.9333333333333333
